<?xml version="1.0" encoding="UTF-8"?>
<lookupfile>
	<!-- NB 8/22/2006 - New process created for Italic tag -->
	<entry>
		<name>italic</name>
		<process>attributePopulation</process>
		<keys>@headerInTextItalics</keys>
	</entry>
	<entry>
		<process>InlineHeaderItalics</process>
		<name>#default#</name>
		<style>#default#</style>
		<attributenames>vbattItalicFormatBegin;vbattItalicFormatEnd</attributenames>
		<attributevalues>G2;G1</attributevalues>
	</entry>
	<entry>
		<process>InlineHeaderItalics</process>
		<name/>
		<style>#default#</style>
		<attributenames>vbattItalicFormatBegin;vbattItalicFormatEnd</attributenames>
		<attributevalues>T3;T1</attributevalues>
	</entry>
	<entry>
		<process>InlineHeaderItalics</process>
		<name>#default#</name>
		<name/>
		<style>USC</style>
		<attributenames>vbattItalicFormatBegin;vbattItalicFormatEnd</attributenames>
		<attributevalues>G2;G1</attributevalues>
	</entry>
	<entry>
		<process>InlineHeaderItalics</process>
		<name>subchapter</name>
		<style>USC</style>
		<attributenames>vbattItalicFormatBegin;vbattItalicFormatEnd</attributenames>
		<attributevalues>T3;K</attributevalues>
	</entry>
	<entry>
		<process>InlineHeaderItalics</process>
		<name>title</name>
		<name>subtitle</name>
		<name>subchapter</name>
		<name>subpart</name>
		<style>traditional</style>
		<style>traditional-inline</style>
		<style>archaic</style>
		<style>archaic-paragraph</style>
		<attributenames>vbattItalicFormatBegin;vbattItalicFormatEnd</attributenames>
		<attributevalues>T3;K</attributevalues>
	</entry>
	<entry>
		<process>InlineHeaderItalics</process>
		<name>#default#</name>
		<name/>
		<style>traditional</style>
		<style>traditional-inline</style>
		<style>archaic</style>
		<style>archaic-paragraph</style>
		<attributenames>vbattItalicFormatBegin;vbattItalicFormatEnd</attributenames>
		<attributevalues>G2;G1</attributevalues>
	</entry>
	<entry>
		<process>InlineHeaderItalics</process>
		<name>subsection</name>
		<style>archaic-paragraph</style>
		<attributenames>vbattItalicFormatBegin;vbattItalicFormatEnd</attributenames>
		<attributevalues>T3;K</attributevalues>
	</entry>
	<!-- NB 8/22/2006 - end of new process created -->
	<!-- HEADER-IN-TEXT PROCESSES -->
	<entry>
		<name>header-in-text</name>
		<process>attributePopulation</process>
		<keys>@inlineheader</keys>
	</entry>
	<entry>
		<process>InlineHeader</process>
		<name>#default#</name>
		<style>#default#</style>
		<attributenames>vbattGrid;vbattTypeface;vbattMode</attributenames>
		<attributevalues>G2;T1;AllLower</attributevalues>
	</entry>
	<entry>
		<process>InlineHeader</process>
		<name>#default#</name>
		<style>OLC</style>
		<attributenames>vbattGrid;vbattTypeface;vbattMode</attributenames>
		<attributevalues>G2;T1;AllLower</attributevalues>
	</entry>
	<entry>
		<process>InlineHeader</process>
		<name>parent=quote</name>
		<style>archaic-paragraph</style>
		<attributenames>vbattGrid;vbattTypeface;vbattMode</attributenames>
		<attributevalues>G2;T1;AllLower</attributevalues>
	</entry>
	<entry>
		<process>InlineHeader</process>
		<name>#default#</name>
		<style>USC</style>
		<attributenames>vbattTypeface;vbattMode</attributenames>
		<attributevalues>T2;</attributevalues>
	</entry>
	<entry>
		<process>InlineHeader</process>
		<name>#default#</name>
		<style>traditional</style>
		<attributenames>vbattTypeface;vbattMode</attributenames>
		<attributevalues>T4;AllLower</attributevalues>
	</entry>
	<!-- DIVISION PROCESSES -->
	<entry>
		<process>InlineHeader</process>
		<name>division</name>
		<style>#default#</style>
		<attributenames>vbattTypeface;vbattMode</attributenames>
		<attributevalues>T2;AllCaps</attributevalues>
	</entry>
	<entry>
		<process>InlineHeader</process>
		<name>division</name>
		<style>traditional</style>
		<style>archaic</style>
		<style>archaic-paragraph</style>
		<attributenames>vbattTypeface;vbattMode</attributenames>
		<attributevalues>;AllCaps</attributevalues>
	</entry>
	<entry>
		<process>InlineHeader</process>
		<name>division</name>
		<style>traditional-inline</style>
		<attributenames>vbattTypeface;vbattMode</attributenames>
		<attributevalues>T2;AllCaps</attributevalues>

		<process>InlineHeader</process>
		<name>division</name>
		<style>appropriations</style>
		<attributenames>vbattTypeface;vbattMode</attributenames>
		<attributevalues>T2;AllCaps</attributevalues>
	</entry>

	<!-- APPROPRIATIONS -->
	<entry>
		<process>InlineHeader</process>
		<name>appropriations-major</name>
		<style>#default#</style>
		<attributenames>vbattMode</attributenames>
		<attributevalues>AllCaps</attributevalues>
	</entry>

	<entry>
		<process>InlineHeader</process>
		<name>appropriations-intermediate</name>
		<style>#default#</style>
		<attributenames>vbattTypeface;vbattMode</attributenames>
		<attributevalues>T5;InitialCaps</attributevalues>
	</entry>
	<entry>
		<process>InlineHeader</process>
		<name>appropriations-small</name>
		<style>#default#</style>
		<attributenames>vbattTypeface;vbattMode</attributenames>
		<attributevalues>T#;AllLower</attributevalues>
	</entry>



	<!-- SUBDIVISION PROCESSES -->
	<entry>
		<process>InlineHeader</process>
		<name>subdivision</name>
		<style>#default#</style>
		<attributenames>vbattTypeface;vbattMode</attributenames>
		<attributevalues>T2;AllCaps</attributevalues>
	</entry>
	<entry>
		<process>InlineHeader</process>
		<name>subdivision</name>
		<style>traditional</style>
		<style>archaic</style>
		<style>archaic-paragraph</style>
		<attributenames>vbattTypeface;vbattMode</attributenames>
		<attributevalues> ;InitialCaps</attributevalues>
	</entry>
	<entry>
		<process>InlineHeader</process>
		<name>subdivision</name>
		<style>traditional-inline</style>
		<attributenames>vbattTypeface;vbattMode</attributenames>
		<attributevalues>T2;InitialCaps</attributevalues>
	</entry>

	<entry>
		<process>InlineHeader</process>
		<name>subdivision</name>
		<style>appropriations</style>
		<attributenames>vbattTypeface;vbattMode</attributenames>
		<attributevalues>T2;InitialCaps</attributevalues>
	</entry>
	<!-- TITLE PROCESSES -->
	<entry>
		<name>title</name>
		<process>attributePopulation</process>
		<keys>@style</keys>
	</entry>
	<entry>
		<process>LevelLocator</process>
		<name>title</name>
		<style>#default#</style>
		<attributenames>vbattLocator</attributenames>
		<attributevalues>I78</attributevalues>
	</entry>
	<entry>
		<process>LevelLocator</process>
		<name>title</name>
		<style>archaic</style>
		<attributenames>vbattLocator</attributenames>
		<attributevalues>I74</attributevalues>
	</entry>
	<entry>
		<process>LevelLocator</process>
		<name>title</name>
		<style>archaic-paragraph</style>
		<attributenames>vbattLocator</attributenames>
		<attributevalues>I74</attributevalues>
	</entry>
	<entry>
		<process>LevelLocator</process>
		<name>title</name>
		<style>traditional-inline</style>
		<attributenames>vbattLocator</attributenames>
		<attributevalues>I74</attributevalues>
	</entry>
	<entry>
		<process>LevelLocator</process>
		<name>title</name>
		<style>appropriations</style>
		<attributenames>vbattLocator</attributenames>
		<attributevalues>I74</attributevalues>
	</entry>
	<entry>
		<process>LevelLocator</process>
		<name>title</name>
		<style>traditional</style>
		<attributenames>vbattLocator</attributenames>
		<attributevalues>I74</attributevalues>
	</entry>
	<entry>
		<process>LevelLocator</process>
		<name>title</name>
		<style>education</style>
		<attributenames>vbattLocator;vbattFormat</attributenames>
		<attributevalues>I74;T1</attributevalues>
	</entry>
	<entry>
		<process>InlineHeader</process>
		<name>title</name>
		<style>#default#</style>
		<attributenames>vbattTypeface;vbattMode</attributenames>
		<attributevalues>T2;AllCaps</attributevalues>
	</entry>
	<entry>
		<process>InlineHeader</process>
		<name>title</name>
		<style>traditional</style>
		<style>traditional-inline</style>
		<style>appropriations</style>
		<style>archaic</style>
		<style>archaic-paragraph</style>
		<attributenames>vbattTypeface;vbattMode</attributenames>
		<attributevalues> ;AllCaps</attributevalues>
	</entry>
	<!-- SUBTITLE PROCESSES -->
	<entry>
		<name>subtitle</name>
		<process>attributePopulation</process>
		<keys>@style</keys>
	</entry>
	<entry>
		<process>LevelLocator</process>
		<name>subtitle</name>
		<style>#default#</style>
		<attributenames>vbattLocator</attributenames>
		<attributevalues>I78</attributevalues>
	</entry>
	<entry>
		<process>LevelLocator</process>
		<name>subtitle</name>
		<style>archaic</style>
		<attributenames>vbattLocator;vbattFormat</attributenames>
		<attributevalues>I74;T1</attributevalues>
	</entry>
	<entry>
		<process>LevelLocator</process>
		<name>subtitle</name>
		<style>archaic-paragraph</style>
		<attributenames>vbattLocator;vbattFormat</attributenames>
		<attributevalues>I74;T1</attributevalues>
	</entry>
	<entry>
		<process>LevelLocator</process>
		<name>subtitle</name>
		<style>traditional-inline</style>
		<attributenames>vbattLocator;vbattFormat</attributenames>
		<attributevalues>I74;T1</attributevalues>
	</entry>
	<entry>
		<process>LevelLocator</process>
		<name>subtitle</name>
		<style>appropriations</style>
		<attributenames>vbattLocator;vbattFormat</attributenames>
		<attributevalues>I74;T1</attributevalues>
	</entry>
	<entry>
		<process>LevelLocator</process>
		<name>subtitle</name>
		<style>traditional</style>
		<attributenames>vbattLocator;vbattFormat</attributenames>
		<attributevalues>I74;T1</attributevalues>
	</entry>
	<entry>
		<process>InlineHeader</process>
		<name>subtitle</name>
		<style>#default#</style>
		<attributenames>vbattTypeface;vbattMode</attributenames>
		<attributevalues>T2;InitialCaps</attributevalues>
	</entry>
	<entry>
		<process>InlineHeader</process>
		<name>subtitle</name>
		<style>traditional</style>
		<style>traditional-inline</style>
		<style>appropriations</style>
		<style>archaic</style>
		<style>archaic-paragraph</style>
		<attributenames>vbattTypeface;vbattMode</attributenames>
		<attributevalues> ;InitialCaps</attributevalues>
	</entry>
	<!-- CHAPTER PROCESSES -->
	<entry>
		<process>InlineHeader</process>
		<name>chapter</name>
		<style>#default#</style>
		<attributenames>vbattTypeface;vbattMode</attributenames>
		<attributevalues>T2;AllCaps</attributevalues>
	</entry>
	<entry>
		<process>InlineHeader</process>
		<name>chapter</name>
		<style>traditional-inline</style>
		<style>nuclear</style>
		<style>appropriations</style>
		<attributenames>vbattMode</attributenames>
		<attributevalues>AllCaps</attributevalues>
	</entry>

	<!-- SUBCHAPTER PROCESSES -->
	<entry>
		<name>subchapter</name>
		<process>attributePopulation</process>
		<keys>@style</keys>
	</entry>
	<entry>
		<process>LevelLocator</process>
		<name>subchapter</name>
		<style>#default#</style>
		<attributenames>vbattLocator;vbattFormat</attributenames>
		<attributevalues>I74;T2</attributevalues>
	</entry>
	<entry>
		<process>LevelLocator</process>
		<name>subchapter</name>
		<style>USC</style>
		<attributenames>vbattLocator</attributenames>
		<attributevalues>I74</attributevalues>
	</entry>
	<entry>
		<process>LevelLocator</process>
		<name>subchapter</name>
		<style>archaic</style>
		<attributenames>vbattLocator</attributenames>
		<attributevalues>I74</attributevalues>
	</entry>
	<entry>
		<process>LevelLocator</process>
		<name>subchapter</name>
		<style>archaic-paragraph</style>
		<attributenames>vbattLocator</attributenames>
		<attributevalues>I74</attributevalues>
	</entry>
	<entry>
		<process>LevelLocator</process>
		<name>subchapter</name>
		<style>traditional-inline</style>
		<attributenames>vbattLocator</attributenames>
		<attributevalues>I74</attributevalues>
	</entry>
	<entry>
		<process>LevelLocator</process>
		<name>subchapter</name>
		<style>appropriations</style>
		<attributenames>vbattLocator</attributenames>
		<attributevalues>I74</attributevalues>
	</entry>
	<entry>
		<process>LevelLocator</process>
		<name>subchapter</name>
		<style>traditional</style>
		<attributenames>vbattLocator</attributenames>
		<attributevalues>I74</attributevalues>
	</entry>
	<entry>
		<process>LevelLocator</process>
		<name>subchapter</name>
		<style>education</style>
		<attributenames>vbattLocator</attributenames>
		<attributevalues>I73</attributevalues>
	</entry>
	<entry>
		<process>InlineHeader</process>
		<name>subchapter</name>
		<style>#default#</style>
		<attributenames>vbattTypeface;vbattMode</attributenames>
		<attributevalues>T2;InitialCaps</attributevalues>
	</entry>
	<entry>
		<process>InlineHeader</process>
		<name>subchapter</name>
		<style>USC</style>
		<style>traditional</style>
		<style>archaic</style>
		<style>archaic-paragraph</style>
		<attributenames>vbattTypeface;vbattMode</attributenames>
		<attributevalues> ;AllCaps</attributevalues>
	</entry>
	<entry>
		<process>InlineHeader</process>
		<name>subchapter</name>
		<style>traditional-inline</style>
		<style>appropriations</style>
		<attributenames>vbattTypeface;vbattMode</attributenames>
		<attributevalues>;InitialCaps</attributevalues>
	</entry>

	<!-- PART PROCESSES -->
	<entry>
		<name>part</name>
		<process>attributePopulation</process>
		<keys>@style</keys>
	</entry>
	<entry>
		<process>LevelLocator</process>
		<name>part</name>
		<style>#default#</style>
		<attributenames>vbattLocator</attributenames>
		<attributevalues>I73</attributevalues>
	</entry>
	<entry>
		<process>LevelLocator</process>
		<name>part</name>
		<style>education</style>
		<attributenames>vbattLocator</attributenames>
		<attributevalues>I74</attributevalues>
	</entry>
	<entry>
		<process>LevelLocator</process>
		<name>part</name>
		<style>archaic</style>
		<attributenames>vbattLocator</attributenames>
		<attributevalues>I74</attributevalues>
	</entry>
	<entry>
		<process>LevelLocator</process>
		<name>part</name>
		<style>archaic-paragraph</style>
		<attributenames>vbattLocator</attributenames>
		<attributevalues>I74</attributevalues>
	</entry>
	<entry>
		<process>LevelLocator</process>
		<name>part</name>
		<style>traditional-inline</style>
		<attributenames>vbattLocator</attributenames>
		<attributevalues>I74</attributevalues>
	</entry>
	<entry>
		<process>LevelLocator</process>
		<name>part</name>
		<style>appropriations</style>
		<attributenames>vbattLocator</attributenames>
		<attributevalues>I74</attributevalues>
	</entry>
	<entry>
		<process>LevelLocator</process>
		<name>part</name>
		<style>traditional</style>
		<attributenames>vbattLocator</attributenames>
		<attributevalues>I74</attributevalues>
	</entry>
	<!--<entry>
		<process>InlineHeader</process>
		<name>part</name>
		<style>#default#</style>
		<attributenames>vbattGrid;vbattTypeface;vbattMode</attributenames>
		<attributevalues>G2;T1;AllLower</attributevalues>
	</entry>-->
	<entry>
		<process>InlineHeader</process>
		<name>part</name>
		<style>#default#</style>
		<attributenames>vbattGrid;vbattTypeface;vbattMode</attributenames>
		<attributevalues>@Grid;@Typeface;AllLower</attributevalues>
	</entry>
	<entry>
		<process>InlineHeader</process>
		<name>part</name>
		<style>OLC</style>
		<attributenames>vbattGrid;vbattTypeface;vbattMode</attributenames>
		<attributevalues>G2;T1;AllLower</attributevalues>
	</entry>
	<entry>
		<process>InlineHeader</process>
		<name>part</name>
		<style>traditional</style>
		<style>traditional-inline</style>
		<style>appropriations</style>
		<style>archaic</style>
		<style>archaic-paragraph</style>
		<attributenames>vbattTypeface;vbattMode</attributenames>
		<attributevalues>T4;InitialCaps</attributevalues>
	</entry>
	<!-- SUBPART PROCESSES -->
	<entry>
		<process>LevelLocator</process>
		<name>subpart</name>
		<process>attributePopulation</process>
		<keys>@style</keys>
	</entry>
	<entry>
		<process>LevelLocator</process>
		<name>subpart</name>
		<style>#default#</style>
		<attributenames>vbattLocator</attributenames>
		<attributevalues>I73</attributevalues>
	</entry>
	<entry>
		<process>LevelLocator</process>
		<name>subpart</name>
		<style>education</style>
		<attributenames>vbattLocator</attributenames>
		<attributevalues>I74</attributevalues>
	</entry>
	<entry>
		<process>LevelLocator</process>
		<name>subpart</name>
		<style>archaic</style>
		<attributenames>vbattLocator;vbattFormat</attributenames>
		<attributevalues>I74;T1</attributevalues>
	</entry>
	<entry>
		<process>LevelLocator</process>
		<name>subpart</name>
		<style>archaic-paragraph</style>
		<attributenames>vbattLocator;vbattFormat</attributenames>
		<attributevalues>I74;T1</attributevalues>
	</entry>
	<entry>
		<process>LevelLocator</process>
		<name>subpart</name>
		<style>traditional-inline</style>
		<attributenames>vbattLocator;vbattFormat</attributenames>
		<attributevalues>I74;T1</attributevalues>
	</entry>
	<entry>
		<process>LevelLocator</process>
		<name>subpart</name>
		<style>appropriations</style>
		<attributenames>vbattLocator;vbattFormat</attributenames>
		<attributevalues>I74;T1</attributevalues>
	</entry>
	<entry>
		<process>LevelLocator</process>
		<name>subpart</name>
		<style>traditional</style>
		<attributenames>vbattLocator;vbattFormat</attributenames>
		<attributevalues>I74;T1</attributevalues>
	</entry>
	<entry>
		<process>InlineHeader</process>
		<name>subpart</name>
		<style>#default#</style>
		<attributenames>vbattTypeface;vbattMode</attributenames>
		<attributevalues>T2;InitialCaps</attributevalues>
	</entry>
	<entry>
		<process>InlineHeader</process>
		<name>subpart</name>
		<style>traditional</style>
		<style>traditional-inline</style>
		<style>appropriations</style>
		<style>archaic</style>
		<style>archaic-paragraph</style>
		<attributenames>vbattTypeface;vbattMode</attributenames>
		<attributevalues> ;InitialCaps</attributevalues>
	</entry>
	<!--entry>
		<process>InlineHeader</process>
		<name>subsection</name>		
		<style>archaic</style>
		<style>archaic-paragraph</style>
		<attributenames>vbattTypeface;vbattMode</attributenames>
		<attributevalues> ;InitialCaps</attributevalues>
	</entry-->
	<!-- PARAGRAPH PROCESSES -->
	<entry>
		<process>InlineHeader</process>
		<name>paragraph</name>
		<style>#default#</style>
		<attributenames>vbattTypeface;vbattMode</attributenames>
		<attributevalues>T#;@AllLower/FirstWord</attributevalues>
	</entry>

	<entry>
		<process>InlineHeader</process>
		<name>paragraph</name>
		<style>archaic-paragraph</style>
		<attributenames>vbattTypeface;vbattMode</attributenames>
		<attributevalues>T#;AllLower</attributevalues>
	</entry>
	<!--<entry>
		<process>InlineHeader</process>
		<name>paragraph</name>
		<style>OLC</style>
		<style>tax</style>
		<style>education</style>		
		<attributenames>vbattTypeface;vbattMode</attributenames>
		<attributevalues>T#;FirstWord</attributevalues>
	</entry>
	<entry>
		<process>InlineHeader</process>
		<name>paragraph</name>
		<style>traditional</style>
		<style>traditional-inline</style>
		<style>archaic</style>
		<attributenames>vbattTypeface;vbattMode</attributenames>
		<attributevalues>T4;@AllLower/FirstWord</attributevalues>
	</entry>
	<entry>
		<process>InlineHeader</process>
		<name>paragraph</name>
		<style>OLC</style>
		<style>tax</style>
		<style>education</style>
		<style>USC</style>
		<style>traditional-inline</style>
		<style>traditional</style>
		<attributenames>vbattTypeface</attributenames>
		<attributevalues>T#</attributevalues>
	</entry>-->

	<!-- SUBPARAGRAPH PROCESSES -->
	<entry>
		<process>InlineHeader</process>
		<name>subparagraph</name>
		<style>#default#</style>
		<attributenames>vbattTypeface;vbattMode</attributenames>
		<attributevalues>T#;@AllLower/FirstWord</attributevalues>
	</entry>

	<entry>
		<process>InlineHeader</process>
		<name>subparagraph</name>
		<style>archaic-paragraph</style>
		<attributenames>vbattTypeface;vbattMode</attributenames>
		<attributevalues>T#;AllLower</attributevalues>
	</entry>

	<!-- CLAUSE PROCESSES -->

	<entry>
		<process>InlineHeader</process>
		<name>clause</name>
		<style>#default#</style>
		<attributenames>vbattTypeface;vbattMode</attributenames>
		<attributevalues>T#;@AllLower/FirstWord</attributevalues>
	</entry>

	<entry>
		<process>InlineHeader</process>
		<name>clause</name>
		<style>archaic-paragraph</style>
		<attributenames>vbattTypeface;vbattMode</attributenames>
		<attributevalues>T#;AllLower</attributevalues>
	</entry>



	<!-- SUBCLAUSE PROCESSES -->

	<entry>
		<process>InlineHeader</process>
		<name>subclause</name>
		<style>#default#</style>
		<attributenames>vbattTypeface;vbattMode</attributenames>
		<attributevalues>T#;@AllLower/FirstWord</attributevalues>
	</entry>

	<entry>
		<process>InlineHeader</process>
		<name>subclause</name>
		<style>archaic-paragraph</style>
		<attributenames>vbattTypeface;vbattMode</attributenames>
		<attributevalues>T#;AllLower</attributevalues>
	</entry>


	<!-- ITEM PROCESSES -->

	<entry>
		<process>InlineHeader</process>
		<name>item</name>
		<style>#default#</style>
		<attributenames>vbattTypeface;vbattMode</attributenames>
		<attributevalues>T#;@AllLower/FirstWord</attributevalues>
	</entry>

	<entry>
		<process>InlineHeader</process>
		<name>item</name>
		<style>archaic-paragraph</style>
		<attributenames>vbattTypeface;vbattMode</attributenames>
		<attributevalues>T#;AllLower</attributevalues>
	</entry>



	<!-- SUBITEM PROCESSES -->

	<entry>
		<process>InlineHeader</process>
		<name>subitem</name>
		<style>#default#</style>
		<attributenames>vbattTypeface;vbattMode</attributenames>
		<attributevalues>T#;@AllLower/FirstWord</attributevalues>
	</entry>

	<entry>
		<process>InlineHeader</process>
		<name>subitem</name>
		<style>archaic-paragraph</style>
		<attributenames>vbattTypeface;vbattMode</attributenames>
		<attributevalues>T#;AllLower</attributevalues>
	</entry>


	<!-- SECTION PROCESSES 
		<entry>
		<process>InlineHeader</process>
		<name>section</name>
		<style>OLC</style>
		<attributenames>vbattGrid;vbattTypeface;vbattMode</attributenames>
		<attributevalues>@OLCsection;@Typeface;AllLower</attributevalues>
		</entry>
	<entry>
		<process>InlineHeader</process>
		<name>section</name>
		<style>tax</style>
		<style>education</style>
		<attributenames>vbattGrid;vbattTypeface;vbattMode</attributenames>
		<attributevalues>G2;T1;AllLower</attributevalues>
	</entry>
		-->
	<entry>
		<process>InlineHeader</process>
		<name>section</name>
		<style>#default#</style>
		<attributenames>vbattGrid;vbattTypeface;vbattMode</attributenames>
		<attributevalues>@Grid;@Typeface;AllLower</attributevalues>
	</entry>
	<entry>
		<process>InlineHeader</process>
		<name>section</name>
		<style>OLC</style>
		<attributenames>vbattGrid;vbattTypeface;vbattMode</attributenames>
		<attributevalues>G2;T1;AllLower</attributevalues>
	</entry>
	<entry>
		<process>InlineHeader</process>
		<name>section</name>
		<style>USC</style>
		<attributenames>vbattTypeface</attributenames>
		<attributevalues>T2</attributevalues>
	</entry>

	<!--entry>
		<process>InlineHeader</process>
		<name>section</name>
		<style>traditional-inline</style>
		<style>appropriations</style>
		<style>archaic</style>
		<style>archaic-paragraph</style>
		<attributenames>vbattTypeface;vbattMode</attributenames>
		<attributevalues>@TraditionalSectionTypeface;AllLower</attributevalues>
	</entry-->
	<entry>
		<process>InlineHeader</process>
		<name>section</name>
		<style>appropriations</style>
		<style>archaic</style>
		<style>archaic-paragraph</style>
		<attributenames>vbattTypeface;vbattMode</attributenames>
		<attributevalues>@TraditionalSectionTypeface;AllLower</attributevalues>
	</entry>
	<entry>
		<process>InlineHeader</process>
		<name>section</name>
		<style>traditional-inline</style>
		<attributenames>vbattTypeface;vbattMode</attributenames>
		<attributevalues>T5;InitialCaps</attributevalues>
	</entry>

	<entry>
		<process>InlineHeader</process>
		<name>section</name>
		<style>traditional</style>
		<attributenames>vbattTypeface;vbattMode</attributenames>
		<attributevalues>T#;AllLower</attributevalues>
	</entry>



	<!-- SUBSECTION PROCESSES -->
	<entry>
		<process>InlineHeader</process>
		<name>subsection</name>
		<style>#default#</style>
		<attributenames>vbattTypeface;vbattMode</attributenames>
		<attributevalues>T5;InitialCaps</attributevalues>
	</entry>
	<entry>
		<process>InlineHeader</process>
		<name>subsection</name>
		<style>archaic-paragraph</style>
		<style>archaic</style>
		<attributenames>vbattTypeface;vbattMode</attributenames>
		<attributevalues> ;InitialCaps</attributevalues>
	</entry>
	<entry>
		<process>InlineHeader</process>
		<name>subsection</name>
		<style>traditional</style>
		<style>traditional-inline</style>
		<style>appropriations</style>
		<attributenames>vbattTypeface;vbattMode</attributenames>
		<attributevalues>T5;InitialCaps</attributevalues>
	</entry>

</lookupfile>
